date,open,high,low,close,volume
2026-04-20 09:15:00,14112.8,14127.65,13948.1,14073.05,0
2026-04-20 09:30:00,14073.05,14073.05,13978.75,13978.75,0
2026-04-20 09:45:00,13978.75,14033.95,13972.95,14015.7,0
2026-04-20 10:00:00,14015.7,14059.75,14012.55,14050.15,0
2026-04-20 10:15:00,14050.15,14082.5,14048.65,14081.8,0
2026-04-20 10:30:00,14081.75,14106.35,14081.75,14105.65,0
2026-04-20 10:45:00,14105.4,14105.4,14090.6,14104.3,0
2026-04-20 11:00:00,14104.3,14106.4,14087.05,14090.0,0
2026-04-20 11:15:00,14090.0,14113.75,14089.85,14113.2,0
2026-04-20 11:30:00,14113.2,14117.0,14105.7,14115.25,0
2026-04-20 11:45:00,14115.25,14125.05,14115.15,14123.5,0
2026-04-20 12:00:00,14123.65,14127.15,14109.85,14112.35,0
2026-04-20 12:15:00,14112.35,14134.0,14112.35,14133.7,0
2026-04-20 12:30:00,14133.65,14139.05,14130.15,14136.85,0
2026-04-20 12:45:00,14136.8,14141.7,14135.55,14137.2,0
2026-04-20 13:00:00,14137.35,14137.95,14105.35,14114.3,0
2026-04-20 13:15:00,14114.3,14115.75,14061.2,14073.3,0
2026-04-20 13:30:00,14073.75,14078.35,14058.15,14065.75,0
2026-04-20 13:45:00,14065.6,14066.4,14058.65,14064.6,0
2026-04-20 14:00:00,14064.6,14068.2,14053.3,14061.85,0
2026-04-20 14:15:00,14061.7,14088.3,14060.85,14087.95,0
2026-04-20 14:30:00,14088.25,14088.9,14074.95,14077.45,0
2026-04-20 14:45:00,14077.45,14083.85,14072.9,14081.2,0
2026-04-20 15:00:00,14081.2,14086.75,14067.65,14068.2,0
2026-04-20 15:15:00,14068.2,14068.7,14016.95,14025.1,0
2026-04-21 09:15:00,14086.05,14145.05,14077.3,14119.75,0
2026-04-21 09:30:00,14119.75,14163.8,14113.65,14163.8,0
2026-04-21 09:45:00,14163.7,14179.85,14163.5,14170.7,0
2026-04-21 10:00:00,14170.7,14196.0,14170.7,14195.1,0
2026-04-21 10:15:00,14195.2,14195.85,14181.2,14182.9,0
2026-04-21 10:30:00,14183.1,14194.3,14181.75,14188.7,0
2026-04-21 10:45:00,14188.7,14198.95,14188.35,14192.2,0
2026-04-21 11:00:00,14192.0,14198.65,14189.85,14198.55,0
2026-04-21 11:15:00,14198.55,14199.1,14182.25,14185.5,0
2026-04-21 11:30:00,14185.45,14185.55,14174.15,14177.65,0
2026-04-21 11:45:00,14177.65,14182.9,14174.55,14178.5,0
2026-04-21 12:00:00,14178.35,14184.65,14178.2,14184.45,0
2026-04-21 12:15:00,14184.4,14185.45,14178.95,14182.1,0
2026-04-21 12:30:00,14181.85,14186.25,14176.8,14178.45,0
2026-04-21 12:45:00,14178.6,14179.55,14170.35,14173.95,0
2026-04-21 13:00:00,14174.0,14176.45,14170.7,14175.5,0
2026-04-21 13:15:00,14175.35,14180.45,14172.5,14175.95,0
2026-04-21 13:30:00,14175.95,14179.85,14158.9,14159.85,0
2026-04-21 13:45:00,14160.0,14170.65,14160.0,14169.75,0
2026-04-21 14:00:00,14170.0,14170.7,14154.2,14159.3,0
2026-04-21 14:15:00,14159.4,14168.1,14158.75,14166.25,0
2026-04-21 14:30:00,14166.25,14167.05,14150.2,14153.65,0
2026-04-21 14:45:00,14153.5,14156.7,14152.6,14154.45,0
2026-04-21 15:00:00,14154.6,14158.7,14147.0,14151.05,0
2026-04-21 15:15:00,14151.25,14159.45,14147.85,14158.15,0
2026-04-22 09:15:00,14140.25,14199.25,14126.1,14149.8,0
2026-04-22 09:30:00,14149.8,14215.4,14146.5,14203.7,0
2026-04-22 09:45:00,14203.4,14203.4,14168.7,14168.7,0
2026-04-22 10:00:00,14168.5,14185.65,14155.6,14178.15,0
2026-04-22 10:15:00,14178.0,14186.4,14169.0,14185.95,0
2026-04-22 10:30:00,14185.95,14197.65,14182.65,14197.45,0
2026-04-22 10:45:00,14197.45,14214.35,14195.25,14206.25,0
2026-04-22 11:00:00,14206.25,14207.1,14192.35,14199.35,0
2026-04-22 11:15:00,14199.35,14208.65,14196.95,14207.45,0
2026-04-22 11:30:00,14207.45,14216.25,14206.5,14212.15,0
2026-04-22 11:45:00,14212.1,14223.25,14204.35,14222.75,0
2026-04-22 12:00:00,14222.75,14227.0,14220.85,14222.6,0
2026-04-22 12:15:00,14222.5,14230.25,14220.0,14229.85,0
2026-04-22 12:30:00,14229.8,14236.75,14228.8,14236.15,0
2026-04-22 12:45:00,14236.15,14239.55,14226.9,14237.85,0
2026-04-22 13:00:00,14237.85,14244.1,14234.7,14243.85,0
2026-04-22 13:15:00,14243.85,14245.05,14227.45,14242.9,0
2026-04-22 13:30:00,14243.05,14258.5,14243.05,14258.3,0
2026-04-22 13:45:00,14258.55,14271.95,14257.45,14269.8,0
2026-04-22 14:00:00,14269.95,14273.6,14250.4,14255.6,0
2026-04-22 14:15:00,14255.8,14256.6,14242.3,14253.45,0
2026-04-22 14:30:00,14253.45,14264.7,14252.9,14263.5,0
2026-04-22 14:45:00,14263.7,14273.75,14262.1,14271.45,0
2026-04-22 15:00:00,14271.45,14271.6,14241.7,14244.8,0
2026-04-22 15:15:00,14244.75,14258.3,14244.55,14249.75,0
2026-04-23 09:15:00,14217.85,14250.85,14184.9,14225.6,0
2026-04-23 09:30:00,14225.6,14256.2,14210.9,14245.6,0
2026-04-23 09:45:00,14245.6,14287.75,14245.05,14273.3,0
2026-04-23 10:00:00,14273.3,14286.1,14253.85,14258.3,0
2026-04-23 10:15:00,14258.3,14263.25,14250.15,14251.15,0
2026-04-23 10:30:00,14250.95,14251.2,14214.15,14214.55,0
2026-04-23 10:45:00,14214.75,14221.35,14204.75,14221.35,0
2026-04-23 11:00:00,14221.35,14236.35,14218.1,14218.1,0
2026-04-23 11:15:00,14218.1,14222.05,14213.05,14217.15,0
2026-04-23 11:30:00,14217.15,14219.05,14206.1,14206.15,0
2026-04-23 11:45:00,14205.95,14233.0,14204.3,14232.4,0
2026-04-23 12:00:00,14232.4,14237.65,14229.5,14236.5,0
2026-04-23 12:15:00,14236.5,14236.5,14210.95,14211.2,0
2026-04-23 12:30:00,14211.15,14216.25,14202.75,14211.9,0
2026-04-23 12:45:00,14211.9,14219.2,14200.6,14218.4,0
2026-04-23 13:00:00,14218.7,14229.1,14217.15,14226.2,0
2026-04-23 13:15:00,14226.2,14249.2,14219.8,14248.85,0
2026-04-23 13:30:00,14248.85,14250.6,14218.75,14223.85,0
2026-04-23 13:45:00,14223.85,14231.25,14218.6,14227.2,0
2026-04-23 14:00:00,14227.2,14227.45,14200.8,14201.0,0
2026-04-23 14:15:00,14200.75,14202.6,14188.85,14189.7,0
2026-04-23 14:30:00,14189.7,14189.7,14151.0,14154.9,0
2026-04-23 14:45:00,14154.9,14176.15,14152.9,14171.05,0
2026-04-23 15:00:00,14171.2,14196.3,14171.2,14173.2,0
2026-04-23 15:15:00,14173.2,14175.6,14162.2,14174.45,0
2026-04-24 09:15:00,14202.05,14251.25,14106.3,14106.55,0
2026-04-24 09:30:00,14106.55,14130.15,14037.35,14067.5,0
2026-04-24 09:45:00,14067.5,14067.9,14018.0,14034.85,0
2026-04-24 10:00:00,14034.95,14110.25,14034.95,14102.35,0
2026-04-24 10:15:00,14102.1,14102.1,14051.65,14059.65,0
2026-04-24 10:30:00,14059.65,14059.65,14031.4,14031.55,0
2026-04-24 10:45:00,14031.55,14032.45,14009.65,14009.65,0
2026-04-24 11:00:00,14009.6,14009.95,13986.25,13986.25,0
2026-04-24 11:15:00,13986.3,13993.85,13978.25,13986.95,0
2026-04-24 11:30:00,13986.8,14002.6,13986.65,13988.7,0
2026-04-24 11:45:00,13988.75,13988.75,13958.4,13960.4,0
2026-04-24 12:00:00,13960.4,13999.95,13955.65,13999.95,0
2026-04-24 12:15:00,13999.95,14010.4,13971.9,13972.9,0
2026-04-24 12:30:00,13972.9,13988.35,13971.85,13972.55,0
2026-04-24 12:45:00,13972.55,14002.8,13972.3,14002.4,0
2026-04-24 13:00:00,14002.55,14002.9,13962.0,13967.3,0
2026-04-24 13:15:00,13967.3,13970.8,13956.75,13970.8,0
2026-04-24 13:30:00,13970.9,13971.65,13936.25,13938.45,0
2026-04-24 13:45:00,13938.45,13969.55,13938.4,13962.3,0
2026-04-24 14:00:00,13962.3,13970.55,13948.5,13968.65,0
2026-04-24 14:15:00,13968.65,14006.25,13968.65,14005.5,0
2026-04-24 14:30:00,14005.45,14030.5,14005.45,14030.5,0
2026-04-24 14:45:00,14030.6,14036.1,14021.2,14026.3,0
2026-04-24 15:00:00,14026.3,14026.3,13996.65,14011.25,0
2026-04-24 15:15:00,14011.4,14027.0,14009.7,14015.35,0
2026-04-27 09:15:00,14091.65,14192.45,14090.8,14157.15,0
2026-04-27 09:30:00,14157.55,14190.8,14149.05,14190.75,0
2026-04-27 09:45:00,14191.2,14246.55,14191.2,14233.15,0
2026-04-27 10:00:00,14233.1,14233.6,14192.4,14192.4,0
2026-04-27 10:15:00,14192.35,14218.1,14192.35,14213.2,0
2026-04-27 10:30:00,14213.05,14227.5,14207.45,14225.8,0
2026-04-27 10:45:00,14225.55,14243.1,14218.75,14229.75,0
2026-04-27 11:00:00,14229.6,14231.35,14216.0,14228.15,0
2026-04-27 11:15:00,14228.15,14234.45,14212.4,14212.5,0
2026-04-27 11:30:00,14212.5,14215.1,14192.1,14198.55,0
2026-04-27 11:45:00,14198.45,14217.2,14195.1,14216.85,0
2026-04-27 12:00:00,14216.85,14224.3,14206.3,14223.45,0
2026-04-27 12:15:00,14223.65,14235.75,14222.55,14232.8,0
2026-04-27 12:30:00,14232.85,14247.9,14231.75,14239.15,0
2026-04-27 12:45:00,14239.2,14241.25,14233.65,14240.2,0
2026-04-27 13:00:00,14240.35,14262.25,14240.35,14261.65,0
2026-04-27 13:15:00,14261.55,14268.5,14255.7,14256.6,0
2026-04-27 13:30:00,14256.45,14264.55,14253.75,14258.75,0
2026-04-27 13:45:00,14258.75,14264.85,14249.0,14255.2,0
2026-04-27 14:00:00,14255.05,14257.0,14247.2,14254.0,0
2026-04-27 14:15:00,14253.95,14253.95,14244.1,14245.1,0
2026-04-27 14:30:00,14245.1,14246.65,14233.5,14245.6,0
2026-04-27 14:45:00,14245.6,14253.35,14242.5,14249.7,0
2026-04-27 15:00:00,14249.7,14249.7,14239.1,14241.35,0
2026-04-27 15:15:00,14241.45,14248.4,14234.45,14246.55,0
2026-04-28 09:15:00,14257.85,14310.6,14246.9,14284.05,0
2026-04-28 09:30:00,14283.6,14284.25,14255.25,14276.9,0
2026-04-28 09:45:00,14276.9,14292.0,14272.9,14287.4,0
2026-04-28 10:00:00,14287.35,14291.35,14282.25,14285.55,0
2026-04-28 10:15:00,14285.55,14299.2,14282.65,14292.1,0
2026-04-28 10:30:00,14292.15,14294.55,14262.25,14265.95,0
2026-04-28 10:45:00,14265.95,14287.75,14265.95,14286.95,0
2026-04-28 11:00:00,14286.95,14291.65,14277.9,14283.75,0
2026-04-28 11:15:00,14283.9,14284.0,14246.8,14247.0,0
2026-04-28 11:30:00,14246.85,14267.8,14241.25,14267.3,0
2026-04-28 11:45:00,14267.3,14271.1,14255.8,14255.9,0
2026-04-28 12:00:00,14255.8,14256.4,14241.6,14245.95,0
2026-04-28 12:15:00,14245.9,14249.25,14229.2,14236.75,0
2026-04-28 12:30:00,14236.75,14238.3,14223.65,14237.85,0
2026-04-28 12:45:00,14237.85,14240.9,14232.35,14232.7,0
2026-04-28 13:00:00,14232.6,14242.35,14231.95,14236.3,0
2026-04-28 13:15:00,14236.3,14249.85,14235.45,14242.5,0
2026-04-28 13:30:00,14242.55,14243.35,14218.5,14227.9,0
2026-04-28 13:45:00,14227.9,14237.75,14216.6,14229.55,0
2026-04-28 14:00:00,14229.55,14229.8,14204.15,14204.45,0
2026-04-28 14:15:00,14204.35,14221.7,14197.3,14219.15,0
2026-04-28 14:30:00,14219.15,14246.7,14219.1,14246.2,0
2026-04-28 14:45:00,14246.2,14257.75,14242.75,14254.6,0
2026-04-28 15:00:00,14254.6,14260.65,14216.55,14219.8,0
2026-04-28 15:15:00,14219.8,14239.65,14213.8,14237.7,0
2026-04-29 09:15:00,14310.75,14351.6,14277.7,14323.5,0
2026-04-29 09:30:00,14323.95,14339.3,14295.35,14308.55,0
2026-04-29 09:45:00,14308.55,14311.55,14296.55,14303.2,0
2026-04-29 10:00:00,14303.35,14321.55,14303.35,14315.9,0
2026-04-29 10:15:00,14315.9,14339.15,14315.9,14333.55,0
2026-04-29 10:30:00,14333.55,14334.05,14311.05,14313.1,0
2026-04-29 10:45:00,14313.1,14320.9,14303.5,14319.9,0
2026-04-29 11:00:00,14319.75,14328.5,14316.05,14327.85,0
2026-04-29 11:15:00,14327.85,14343.9,14327.8,14328.4,0
2026-04-29 11:30:00,14328.5,14337.8,14328.1,14333.7,0
2026-04-29 11:45:00,14333.55,14338.2,14325.95,14338.05,0
2026-04-29 12:00:00,14338.05,14344.9,14330.2,14339.3,0
2026-04-29 12:15:00,14339.3,14347.65,14339.3,14342.75,0
2026-04-29 12:30:00,14342.75,14345.25,14339.3,14342.5,0
2026-04-29 12:45:00,14342.5,14353.75,14341.0,14351.4,0
2026-04-29 13:00:00,14351.4,14354.15,14345.5,14347.0,0
2026-04-29 13:15:00,14347.0,14347.95,14334.4,14335.35,0
2026-04-29 13:30:00,14335.1,14336.65,14293.35,14293.45,0
2026-04-29 13:45:00,14293.2,14311.15,14280.25,14290.45,0
2026-04-29 14:00:00,14289.35,14289.35,14259.6,14275.3,0
2026-04-29 14:15:00,14275.3,14277.9,14255.7,14265.55,0
2026-04-29 14:30:00,14265.3,14293.9,14263.35,14293.85,0
2026-04-29 14:45:00,14293.85,14294.75,14262.4,14264.6,0
2026-04-29 15:00:00,14264.6,14287.15,14262.35,14262.95,0
2026-04-29 15:15:00,14262.95,14263.85,14241.45,14262.35,0
2026-04-30 09:15:00,14218.45,14220.4,14113.1,14148.95,0
2026-04-30 09:30:00,14148.95,14195.85,14122.85,14178.7,0
2026-04-30 09:45:00,14178.7,14183.75,14132.3,14132.4,0
2026-04-30 10:00:00,14132.4,14132.4,14060.5,14060.5,0
2026-04-30 10:15:00,14061.0,14066.0,14040.95,14041.1,0
2026-04-30 10:30:00,14040.9,14080.25,14037.8,14078.2,0
2026-04-30 10:45:00,14078.1,14078.65,14038.8,14048.05,0
2026-04-30 11:00:00,14048.0,14077.75,14047.85,14060.7,0
2026-04-30 11:15:00,14060.5,14098.15,14058.05,14098.15,0
2026-04-30 11:30:00,14098.0,14107.9,14089.1,14090.95,0
2026-04-30 11:45:00,14090.8,14095.5,14082.7,14089.3,0
2026-04-30 12:00:00,14089.3,14111.95,14083.2,14111.9,0
2026-04-30 12:15:00,14111.9,14123.6,14102.15,14117.9,0
2026-04-30 12:30:00,14117.8,14119.0,14098.3,14114.1,0
2026-04-30 12:45:00,14114.2,14136.75,14114.2,14136.35,0
2026-04-30 13:00:00,14136.1,14141.35,14123.15,14133.15,0
2026-04-30 13:15:00,14132.95,14140.25,14124.65,14135.05,0
2026-04-30 13:30:00,14134.7,14163.75,14129.25,14163.7,0
2026-04-30 13:45:00,14163.65,14192.0,14162.1,14191.25,0
2026-04-30 14:00:00,14191.25,14192.05,14150.15,14156.3,0
2026-04-30 14:15:00,14156.05,14161.15,14138.05,14154.15,0
2026-04-30 14:30:00,14154.0,14196.45,14154.0,14196.0,0
2026-04-30 14:45:00,14196.0,14204.85,14178.15,14202.95,0
2026-04-30 15:00:00,14202.6,14203.5,14145.3,14156.85,0
2026-04-30 15:15:00,14156.75,14183.05,14154.25,14170.0,0
2026-05-04 09:15:00,14255.65,14296.15,14242.35,14296.15,0
2026-05-04 09:30:00,14296.7,14320.95,14289.7,14299.85,0
2026-05-04 09:45:00,14300.2,14321.05,14284.95,14321.05,0
2026-05-04 10:00:00,14321.05,14330.55,14292.3,14293.05,0
2026-05-04 10:15:00,14292.95,14300.05,14264.5,14300.05,0
2026-05-04 10:30:00,14300.15,14315.4,14295.75,14303.3,0
2026-05-04 10:45:00,14303.3,14312.5,14293.85,14293.9,0
2026-05-04 11:00:00,14293.9,14329.85,14293.35,14329.7,0
2026-05-04 11:15:00,14329.9,14342.65,14329.25,14342.1,0
2026-05-04 11:30:00,14342.1,14347.55,14335.7,14344.8,0
2026-05-04 11:45:00,14344.8,14349.65,14329.25,14329.9,0
2026-05-04 12:00:00,14329.8,14332.55,14278.55,14278.55,0
2026-05-04 12:15:00,14278.55,14292.25,14269.95,14286.2,0
2026-05-04 12:30:00,14285.95,14286.4,14265.4,14265.55,0
2026-05-04 12:45:00,14265.55,14266.95,14242.65,14254.95,0
2026-05-04 13:00:00,14254.85,14267.1,14251.1,14262.85,0
2026-05-04 13:15:00,14262.85,14263.7,14211.45,14211.45,0
2026-05-04 13:30:00,14211.15,14251.25,14194.9,14251.2,0
2026-05-04 13:45:00,14251.2,14261.4,14228.55,14241.55,0
2026-05-04 14:00:00,14241.55,14279.2,14235.7,14275.55,0
2026-05-04 14:15:00,14275.6,14296.55,14274.4,14276.5,0
2026-05-04 14:30:00,14276.5,14280.4,14256.8,14271.4,0
2026-05-04 14:45:00,14271.4,14279.85,14261.3,14277.8,0
2026-05-04 15:00:00,14278.1,14297.2,14274.8,14292.0,0
2026-05-04 15:15:00,14292.0,14316.25,14290.25,14313.15,0
2026-05-05 09:15:00,14297.3,14318.3,14256.15,14276.8,0
2026-05-05 09:30:00,14276.8,14330.2,14276.45,14313.1,0
2026-05-05 09:45:00,14313.1,14331.3,14304.85,14324.1,0
2026-05-05 10:00:00,14324.1,14329.75,14289.7,14289.7,0
2026-05-05 10:15:00,14289.4,14292.65,14261.4,14264.6,0
2026-05-05 10:30:00,14264.6,14273.6,14243.45,14243.7,0
2026-05-05 10:45:00,14243.7,14251.85,14236.95,14243.7,0
2026-05-05 11:00:00,14243.7,14264.95,14243.4,14260.65,0
2026-05-05 11:15:00,14260.7,14269.3,14254.95,14261.6,0
2026-05-05 11:30:00,14261.5,14277.25,14259.0,14259.0,0
2026-05-05 11:45:00,14259.0,14259.55,14238.1,14240.35,0
2026-05-05 12:00:00,14240.35,14270.8,14239.9,14270.55,0
2026-05-05 12:15:00,14270.45,14293.35,14270.45,14280.9,0
2026-05-05 12:30:00,14280.85,14299.45,14275.8,14292.6,0
2026-05-05 12:45:00,14292.6,14312.75,14291.5,14311.6,0
2026-05-05 13:00:00,14311.6,14324.55,14308.4,14322.05,0
2026-05-05 13:15:00,14322.1,14326.6,14297.65,14301.05,0
2026-05-05 13:30:00,14301.05,14304.1,14291.75,14303.85,0
2026-05-05 13:45:00,14303.85,14307.65,14287.85,14296.15,0
2026-05-05 14:00:00,14296.15,14298.3,14278.2,14282.1,0
2026-05-05 14:15:00,14281.8,14300.65,14281.8,14300.1,0
2026-05-05 14:30:00,14299.95,14302.25,14290.1,14300.35,0
2026-05-05 14:45:00,14300.2,14301.1,14287.05,14296.9,0
2026-05-05 15:00:00,14296.9,14311.5,14293.25,14308.45,0
2026-05-05 15:15:00,14308.45,14322.4,14308.45,14316.0,0
2026-05-06 09:15:00,14435.3,14455.5,14395.9,14402.3,0
2026-05-06 09:30:00,14402.7,14422.75,14399.3,14404.2,0
2026-05-06 09:45:00,14404.2,14419.75,14401.15,14412.65,0
2026-05-06 10:00:00,14412.4,14414.1,14389.0,14413.8,0
2026-05-06 10:15:00,14413.65,14413.9,14399.8,14406.1,0
2026-05-06 10:30:00,14405.75,14407.2,14391.25,14402.35,0
2026-05-06 10:45:00,14402.35,14403.25,14389.75,14396.55,0
2026-05-06 11:00:00,14396.6,14401.0,14382.6,14393.25,0
2026-05-06 11:15:00,14393.4,14407.35,14392.9,14406.85,0
2026-05-06 11:30:00,14407.0,14412.15,14393.35,14408.2,0
2026-05-06 11:45:00,14408.35,14418.05,14406.75,14417.55,0
2026-05-06 12:00:00,14417.85,14422.75,14410.45,14418.45,0
2026-05-06 12:15:00,14418.55,14418.55,14390.05,14403.55,0
2026-05-06 12:30:00,14403.45,14405.45,14389.35,14389.35,0
2026-05-06 12:45:00,14389.3,14390.05,14373.5,14384.05,0
2026-05-06 13:00:00,14384.05,14409.35,14374.9,14408.35,0
2026-05-06 13:15:00,14408.45,14434.75,14407.05,14431.5,0
2026-05-06 13:30:00,14431.5,14442.2,14431.0,14440.4,0
2026-05-06 13:45:00,14439.75,14450.25,14437.3,14442.3,0
2026-05-06 14:00:00,14442.35,14452.2,14437.35,14451.4,0
2026-05-06 14:15:00,14451.3,14510.85,14451.3,14504.4,0
2026-05-06 14:30:00,14504.95,14520.85,14494.3,14519.8,0
2026-05-06 14:45:00,14520.2,14525.05,14513.95,14522.35,0
2026-05-06 15:00:00,14522.4,14533.35,14513.95,14522.9,0
2026-05-06 15:15:00,14522.9,14547.2,14521.85,14543.7,0
2026-05-07 09:15:00,14604.55,14631.75,14574.65,14616.9,0
2026-05-07 09:30:00,14616.9,14625.25,14601.2,14620.8,0
2026-05-07 09:45:00,14620.8,14620.8,14568.15,14573.8,0
2026-05-07 10:00:00,14573.8,14591.8,14569.3,14585.2,0
2026-05-07 10:15:00,14585.45,14615.6,14585.45,14613.2,0
2026-05-07 10:30:00,14613.0,14632.2,14613.0,14632.2,0
2026-05-07 10:45:00,14632.25,14637.6,14618.8,14623.65,0
2026-05-07 11:00:00,14623.65,14629.3,14612.45,14619.95,0
2026-05-07 11:15:00,14619.95,14628.3,14613.15,14619.3,0
2026-05-07 11:30:00,14619.3,14633.8,14610.0,14610.45,0
2026-05-07 11:45:00,14610.45,14641.2,14609.3,14638.55,0
2026-05-07 12:00:00,14638.6,14653.9,14636.9,14650.65,0
2026-05-07 12:15:00,14650.7,14664.85,14650.7,14660.8,0
2026-05-07 12:30:00,14660.8,14683.5,14656.4,14680.05,0
2026-05-07 12:45:00,14680.05,14681.05,14661.9,14665.0,0
2026-05-07 13:00:00,14665.0,14672.9,14665.0,14670.3,0
2026-05-07 13:15:00,14670.3,14670.3,14637.15,14658.05,0
2026-05-07 13:30:00,14658.05,14673.95,14656.85,14671.0,0
2026-05-07 13:45:00,14670.65,14672.9,14662.9,14672.05,0
2026-05-07 14:00:00,14672.05,14676.9,14666.75,14675.9,0
2026-05-07 14:15:00,14675.9,14676.85,14667.7,14676.1,0
2026-05-07 14:30:00,14676.1,14678.15,14666.65,14666.65,0
2026-05-07 14:45:00,14666.65,14672.9,14663.0,14671.35,0
2026-05-07 15:00:00,14671.4,14675.9,14651.8,14654.65,0
2026-05-07 15:15:00,14654.7,14681.2,14653.95,14675.75,0
2026-05-08 09:15:00,14666.5,14711.3,14641.5,14705.0,0
2026-05-08 09:30:00,14705.0,14705.1,14646.35,14649.4,0
2026-05-08 09:45:00,14649.5,14681.0,14628.75,14673.4,0
2026-05-08 10:00:00,14673.35,14677.6,14655.6,14677.55,0
2026-05-08 10:15:00,14677.45,14687.1,14660.35,14683.35,0
2026-05-08 10:30:00,14683.45,14694.15,14682.75,14692.05,0
2026-05-08 10:45:00,14692.05,14700.65,14684.95,14684.95,0
2026-05-08 11:00:00,14684.8,14695.05,14682.8,14687.25,0
2026-05-08 11:15:00,14687.25,14691.2,14667.5,14669.25,0
2026-05-08 11:30:00,14669.35,14685.0,14661.45,14681.05,0
2026-05-08 11:45:00,14681.05,14681.05,14666.95,14673.85,0
2026-05-08 12:00:00,14673.85,14679.25,14669.2,14673.9,0
2026-05-08 12:15:00,14673.9,14683.35,14665.4,14683.0,0
2026-05-08 12:30:00,14683.0,14683.8,14662.45,14662.45,0
2026-05-08 12:45:00,14662.0,14662.2,14647.1,14660.55,0
2026-05-08 13:00:00,14660.55,14673.1,14655.85,14669.15,0
2026-05-08 13:15:00,14669.25,14687.6,14664.85,14687.2,0
2026-05-08 13:30:00,14687.15,14688.3,14664.1,14670.7,0
2026-05-08 13:45:00,14670.75,14672.4,14649.8,14652.5,0
2026-05-08 14:00:00,14652.5,14677.1,14647.55,14659.9,0
2026-05-08 14:15:00,14659.85,14670.15,14654.8,14670.15,0
2026-05-08 14:30:00,14670.15,14698.85,14670.15,14695.8,0
2026-05-08 14:45:00,14695.75,14698.95,14678.7,14680.25,0
2026-05-08 15:00:00,14680.25,14680.75,14656.45,14657.2,0
2026-05-08 15:15:00,14657.95,14663.55,14646.45,14653.3,0
2026-05-11 09:15:00,14595.15,14595.6,14474.6,14537.15,0
2026-05-11 09:30:00,14537.15,14542.35,14445.05,14449.15,0
2026-05-11 09:45:00,14449.3,14462.6,14428.5,14432.3,0
2026-05-11 10:00:00,14432.5,14494.4,14428.8,14487.75,0
2026-05-11 10:15:00,14487.7,14487.9,14461.15,14470.55,0
2026-05-11 10:30:00,14470.55,14474.0,14445.5,14450.55,0
2026-05-11 10:45:00,14450.55,14482.85,14444.1,14480.85,0
2026-05-11 11:00:00,14480.7,14508.0,14480.7,14499.8,0
2026-05-11 11:15:00,14499.8,14511.6,14495.55,14502.0,0
2026-05-11 11:30:00,14502.0,14525.2,14497.2,14524.2,0
2026-05-11 11:45:00,14524.15,14524.65,14509.5,14512.9,0
2026-05-11 12:00:00,14512.9,14522.25,14503.35,14519.0,0
2026-05-11 12:15:00,14519.2,14527.05,14507.8,14518.75,0
2026-05-11 12:30:00,14518.75,14527.95,14502.7,14525.8,0
2026-05-11 12:45:00,14525.85,14528.75,14522.35,14525.75,0
2026-05-11 13:00:00,14525.85,14528.55,14508.2,14528.55,0
2026-05-11 13:15:00,14528.75,14529.75,14515.35,14517.45,0
2026-05-11 13:30:00,14517.45,14545.0,14517.45,14531.85,0
2026-05-11 13:45:00,14531.6,14546.1,14528.85,14528.9,0
2026-05-11 14:00:00,14528.85,14538.3,14522.9,14523.2,0
2026-05-11 14:15:00,14523.35,14533.05,14519.9,14532.65,0
2026-05-11 14:30:00,14532.65,14548.9,14521.5,14521.8,0
2026-05-11 14:45:00,14521.65,14523.25,14503.45,14511.85,0
2026-05-11 15:00:00,14512.35,14513.2,14455.3,14457.55,0
2026-05-11 15:15:00,14457.55,14490.15,14456.55,14481.6,0
2026-05-12 09:15:00,14448.6,14478.4,14302.4,14302.4,0
2026-05-12 09:30:00,14301.85,14346.45,14264.75,14342.15,0
2026-05-12 09:45:00,14342.05,14356.25,14334.5,14335.7,0
2026-05-12 10:00:00,14335.7,14351.55,14318.85,14350.5,0
2026-05-12 10:15:00,14350.5,14368.0,14323.6,14326.9,0
2026-05-12 10:30:00,14326.8,14326.85,14297.75,14317.8,0
2026-05-12 10:45:00,14317.8,14317.95,14297.2,14309.4,0
2026-05-12 11:00:00,14309.4,14309.6,14268.3,14268.65,0
2026-05-12 11:15:00,14268.65,14278.95,14265.85,14270.6,0
2026-05-12 11:30:00,14270.4,14290.15,14257.95,14279.6,0
2026-05-12 11:45:00,14279.6,14280.8,14266.6,14277.5,0
2026-05-12 12:00:00,14277.75,14277.75,14250.0,14250.25,0
2026-05-12 12:15:00,14250.4,14262.3,14242.15,14242.45,0
2026-05-12 12:30:00,14242.45,14242.45,14199.45,14214.35,0
2026-05-12 12:45:00,14214.35,14226.1,14208.7,14215.75,0
2026-05-12 13:00:00,14215.75,14222.7,14190.1,14210.2,0
2026-05-12 13:15:00,14210.7,14225.15,14198.9,14203.7,0
2026-05-12 13:30:00,14203.55,14210.6,14166.65,14172.25,0
2026-05-12 13:45:00,14172.4,14190.35,14162.1,14162.1,0
2026-05-12 14:00:00,14162.1,14162.25,14128.1,14129.1,0
2026-05-12 14:15:00,14129.35,14172.95,14127.0,14147.35,0
2026-05-12 14:30:00,14147.7,14149.75,14121.65,14130.65,0
2026-05-12 14:45:00,14130.65,14133.95,14099.35,14103.35,0
2026-05-12 15:00:00,14102.95,14104.85,14056.45,14058.9,0
2026-05-12 15:15:00,14058.9,14106.7,14056.75,14103.5,0
2026-05-13 09:15:00,14075.2,14181.3,14075.15,14131.65,0
2026-05-13 09:30:00,14131.65,14140.4,14033.9,14097.95,0
2026-05-13 09:45:00,14098.15,14136.9,14058.95,14115.55,0
2026-05-13 10:00:00,14116.2,14147.5,14110.35,14143.65,0
2026-05-13 10:15:00,14143.65,14192.2,14143.6,14180.0,0
2026-05-13 10:30:00,14180.0,14182.2,14157.7,14175.35,0
2026-05-13 10:45:00,14175.25,14180.4,14112.3,14112.35,0
2026-05-13 11:00:00,14112.2,14126.75,14106.0,14126.05,0
2026-05-13 11:15:00,14126.05,14149.8,14126.05,14149.65,0
2026-05-13 11:30:00,14149.65,14197.0,14149.65,14197.0,0
2026-05-13 11:45:00,14197.05,14202.75,14179.0,14180.35,0
2026-05-13 12:00:00,14180.35,14217.25,14180.35,14217.15,0
2026-05-13 12:15:00,14217.15,14220.2,14194.8,14197.2,0
2026-05-13 12:30:00,14197.3,14201.45,14156.35,14171.65,0
2026-05-13 12:45:00,14171.65,14222.9,14170.25,14222.2,0
2026-05-13 13:00:00,14222.15,14223.15,14197.2,14207.65,0
2026-05-13 13:15:00,14207.65,14207.65,14189.1,14190.05,0
2026-05-13 13:30:00,14190.05,14211.75,14188.5,14198.45,0
2026-05-13 13:45:00,14198.45,14206.5,14172.7,14184.85,0
2026-05-13 14:00:00,14184.8,14206.2,14174.3,14204.25,0
2026-05-13 14:15:00,14204.15,14206.6,14181.9,14191.3,0
2026-05-13 14:30:00,14191.3,14197.9,14185.7,14185.7,0
2026-05-13 14:45:00,14185.6,14186.5,14173.75,14179.45,0
2026-05-13 15:00:00,14179.45,14179.9,14127.8,14135.75,0
2026-05-13 15:15:00,14135.15,14153.1,14123.35,14152.55,0
2026-05-14 09:15:00,14227.35,14265.65,14218.85,14255.15,0
2026-05-14 09:30:00,14255.2,14257.05,14131.4,14131.8,0
2026-05-14 09:45:00,14131.75,14164.25,14056.75,14066.1,0
2026-05-14 10:00:00,14066.0,14121.75,14050.55,14119.9,0
2026-05-14 10:15:00,14119.9,14134.1,14095.0,14111.3,0
2026-05-14 10:30:00,14111.3,14118.1,14089.85,14089.85,0
2026-05-14 10:45:00,14089.7,14089.7,14059.15,14059.15,0
2026-05-14 11:00:00,14058.9,14068.95,14034.65,14067.3,0
2026-05-14 11:15:00,14067.3,14102.7,14067.3,14094.65,0
2026-05-14 11:30:00,14094.8,14140.4,14093.2,14140.4,0
2026-05-14 11:45:00,14140.45,14166.45,14132.0,14164.75,0
2026-05-14 12:00:00,14164.85,14175.9,14153.3,14170.95,0
2026-05-14 12:15:00,14170.95,14199.65,14170.95,14189.8,0
2026-05-14 12:30:00,14189.8,14207.35,14178.3,14206.5,0
2026-05-14 12:45:00,14206.8,14209.65,14178.8,14182.1,0
2026-05-14 13:00:00,14181.8,14208.6,14181.8,14194.85,0
2026-05-14 13:15:00,14194.7,14203.1,14189.7,14190.25,0
2026-05-14 13:30:00,14190.25,14209.2,14188.8,14209.2,0
2026-05-14 13:45:00,14209.2,14215.65,14196.15,14209.95,0
2026-05-14 14:00:00,14209.95,14225.2,14206.05,14217.4,0
2026-05-14 14:15:00,14217.5,14227.8,14207.25,14221.85,0
2026-05-14 14:30:00,14221.85,14236.85,14213.6,14219.2,0
2026-05-14 14:45:00,14219.45,14226.3,14199.9,14219.6,0
2026-05-14 15:00:00,14219.75,14220.2,14202.5,14206.15,0
2026-05-14 15:15:00,14206.2,14229.15,14205.6,14226.0,0
2026-05-15 09:15:00,14255.15,14268.55,14139.85,14160.65,0
2026-05-15 09:30:00,14160.65,14207.95,14137.6,14207.95,0
2026-05-15 09:45:00,14208.15,14243.95,14208.15,14234.95,0
2026-05-15 10:00:00,14234.95,14235.4,14203.5,14215.5,0
2026-05-15 10:15:00,14214.9,14244.8,14214.9,14241.4,0
2026-05-15 10:30:00,14241.4,14247.2,14230.9,14242.65,0
2026-05-15 10:45:00,14242.7,14266.5,14242.7,14265.9,0
2026-05-15 11:00:00,14265.75,14267.65,14213.3,14215.3,0
2026-05-15 11:15:00,14215.2,14217.85,14200.05,14200.1,0
2026-05-15 11:30:00,14200.1,14200.1,14184.6,14196.8,0
2026-05-15 11:45:00,14196.85,14208.15,14190.65,14197.1,0
2026-05-15 12:00:00,14197.1,14221.55,14194.55,14207.6,0
2026-05-15 12:15:00,14207.6,14210.5,14182.45,14182.45,0
2026-05-15 12:30:00,14182.45,14219.25,14180.05,14219.15,0
2026-05-15 12:45:00,14219.2,14226.4,14219.2,14223.1,0
2026-05-15 13:00:00,14223.5,14231.7,14220.4,14229.95,0
2026-05-15 13:15:00,14229.95,14236.75,14225.7,14230.1,0
2026-05-15 13:30:00,14230.1,14232.0,14210.25,14217.15,0
2026-05-15 13:45:00,14217.15,14225.45,14196.65,14198.9,0
2026-05-15 14:00:00,14198.9,14203.25,14182.95,14202.8,0
2026-05-15 14:15:00,14202.9,14203.85,14178.45,14181.85,0
2026-05-15 14:30:00,14181.9,14194.85,14175.55,14187.45,0
2026-05-15 14:45:00,14187.4,14187.85,14133.95,14156.85,0
2026-05-15 15:00:00,14157.0,14170.7,14145.1,14151.45,0
2026-05-15 15:15:00,14151.2,14153.55,14133.3,14142.0,0
2026-05-18 09:15:00,14055.85,14056.25,13895.85,13905.3,0
2026-05-18 09:30:00,13905.3,13923.45,13877.75,13896.6,0
2026-05-18 09:45:00,13896.65,13896.8,13826.65,13844.5,0
2026-05-18 10:00:00,13844.5,13864.7,13835.0,13846.5,0
2026-05-18 10:15:00,13846.2,13866.6,13822.4,13824.05,0
2026-05-18 10:30:00,13823.15,13868.75,13800.0,13857.95,0
2026-05-18 10:45:00,13858.15,13888.5,13840.65,13887.1,0
2026-05-18 11:00:00,13887.4,13908.25,13884.6,13899.2,0
2026-05-18 11:15:00,13899.2,13919.2,13897.25,13912.75,0
2026-05-18 11:30:00,13912.75,13946.0,13912.75,13925.45,0
2026-05-18 11:45:00,13925.45,13928.4,13886.9,13886.9,0
2026-05-18 12:00:00,13886.9,13907.35,13884.65,13905.3,0
2026-05-18 12:15:00,13905.3,13921.25,13895.65,13920.3,0
2026-05-18 12:30:00,13920.25,13948.85,13920.25,13934.0,0
2026-05-18 12:45:00,13934.0,13953.5,13924.6,13953.0,0
2026-05-18 13:00:00,13953.0,13963.45,13932.95,13945.35,0
2026-05-18 13:15:00,13945.25,13953.55,13932.2,13946.1,0
2026-05-18 13:30:00,13946.2,13963.55,13943.5,13959.6,0
2026-05-18 13:45:00,13959.6,13979.9,13946.05,13974.2,0
2026-05-18 14:00:00,13974.2,13981.1,13962.7,13977.95,0
2026-05-18 14:15:00,13977.95,13977.95,13955.7,13969.8,0
2026-05-18 14:30:00,13969.8,13974.25,13952.3,13966.2,0
2026-05-18 14:45:00,13966.2,13966.55,13939.65,13943.65,0
2026-05-18 15:00:00,13943.75,14007.35,13943.35,13989.95,0
2026-05-18 15:15:00,13989.95,14009.0,13987.9,14000.0,0
2026-05-19 09:15:00,14028.1,14098.3,14027.85,14094.4,0
2026-05-19 09:30:00,14094.75,14100.25,14019.7,14091.0,0
2026-05-19 09:45:00,14090.85,14093.85,14063.5,14063.5,0
2026-05-19 10:00:00,14063.5,14113.6,14060.65,14109.95,0
2026-05-19 10:15:00,14109.95,14123.85,14102.0,14123.15,0
2026-05-19 10:30:00,14123.2,14139.65,14123.2,14139.65,0
2026-05-19 10:45:00,14139.6,14158.65,14137.75,14152.95,0
2026-05-19 11:00:00,14152.7,14155.75,14142.9,14143.25,0
2026-05-19 11:15:00,14143.1,14143.1,14129.1,14138.25,0
2026-05-19 11:30:00,14138.2,14145.85,14129.5,14143.15,0
2026-05-19 11:45:00,14143.5,14147.4,14139.65,14141.8,0
2026-05-19 12:00:00,14141.8,14142.2,14133.05,14140.05,0
2026-05-19 12:15:00,14139.95,14142.2,14128.3,14141.95,0
2026-05-19 12:30:00,14141.7,14149.75,14138.3,14142.6,0
2026-05-19 12:45:00,14142.6,14144.5,14131.1,14138.7,0
2026-05-19 13:00:00,14138.6,14144.0,14135.75,14135.95,0
2026-05-19 13:15:00,14135.95,14147.7,14133.4,14146.5,0
2026-05-19 13:30:00,14146.5,14149.5,14127.85,14133.35,0
2026-05-19 13:45:00,14133.15,14145.2,14125.7,14129.15,0
2026-05-19 14:00:00,14129.15,14151.9,14129.0,14146.85,0
2026-05-19 14:15:00,14147.0,14150.3,14143.95,14146.6,0
2026-05-19 14:30:00,14146.45,14147.65,14114.6,14115.75,0
2026-05-19 14:45:00,14115.75,14121.15,14106.3,14120.55,0
